station,valid,step,tmpf_raw,tmpf_mos,dwpf_raw,dwpf_mos,sknt_raw,sknt_mos,wdir_raw,tcc_raw,nx_mos,p06_mos,p12_mos,t06_mos,t12_mos
COF,2026-10-10 18:00:00,6,83.1,86.2,77.3,79.0,10.0,10.9,159.27872460046441,0.8339515562500057,,,,,
COF,2026-10-10 21:00:00,9,81.6,84.1,76.8,78.5,9.2,9.9,168.44918863221466,0.8694390337499928,,,,,
COF,2026-10-11 00:00:00,12,79.7,80.8,76.6,76.5,9.7,8.8,199.02984679454295,0.971167193750002,,63.903787597685024,74.821613343017,87.1235204550526,85.0519021640037
COF,2026-10-11 03:00:00,15,79.6,80.5,76.6,77.0,8.1,6.7,176.3636756870465,0.8901734487500023,,,,,
COF,2026-10-11 06:00:00,18,79.4,80.2,76.6,76.7,9.5,7.5,182.78250705406066,0.0454781175000014,,11.78456919765223,,20.223375482346388,
COF,2026-10-11 09:00:00,21,79.1,79.8,76.2,76.2,9.6,7.2,175.80511166204928,0.2555468650000166,,,,,
COF,2026-10-11 12:00:00,24,77.7,78.9,75.9,76.2,8.8,6.7,187.19578911755264,0.3760796837499973,77.53182495430391,9.57669223360943,20.395977962517332,4.339493321312349,27.290285678039904
COF,2026-10-11 15:00:00,27,82.5,85.1,77.6,78.7,9.4,8.2,214.00358571781058,0.3905078562500031,,,,,
COF,2026-10-11 18:00:00,30,82.0,85.9,76.7,77.7,6.9,8.3,229.33543624497423,0.9388765537500006,,35.58110170911862,,46.86312209814839,
COF,2026-10-11 21:00:00,33,78.3,81.4,75.5,76.6,4.6,6.6,191.62332399854986,0.9784609337499984,,,,,
COF,2026-10-12 00:00:00,36,77.7,79.5,75.2,75.9,3.2,4.4,231.41113704655865,0.891715607499996,87.76917133414739,69.6818973705844,77.6184261102439,75.88249819395745,76.88816874398788
COF,2026-10-12 03:00:00,39,77.2,78.2,75.2,75.2,3.6,3.4,230.89922058061742,0.3191110212499952,,,,,
COF,2026-10-12 06:00:00,42,76.6,77.9,75.1,75.2,5.4,5.1,274.11955059450264,0.2755594199999822,,18.45483799892496,,29.29960936155831,
COF,2026-10-12 09:00:00,45,76.0,77.2,74.9,74.6,7.6,6.8,300.45211263937495,0.516946859999961,,,,,
COF,2026-10-12 12:00:00,48,74.4,76.2,72.3,72.6,8.4,6.7,331.52559373132,0.4857967174999661,74.74762407904785,1.0960478380060132,4.336526020721927,0.25295301829315087,5.107050572763684
COF,2026-10-12 15:00:00,51,78.5,80.8,68.4,68.9,9.5,8.3,336.3441943086873,0.0981625175000014,,,,,
COF,2026-10-12 18:00:00,54,82.2,84.7,65.1,66.2,7.1,6.9,357.3285158184564,0.0,,0.9089384244709937,,0.0006583956101032313,
COF,2026-10-12 21:00:00,57,82.3,83.8,65.9,67.6,4.7,6.6,34.2271384823955,0.0,,,,,
COF,2026-10-13 00:00:00,60,78.7,79.5,68.3,69.0,1.5,2.9,47.89542461599996,0.0,86.15654757066797,1.758297479026738,3.787030890225339,0.09844634084535066,0.03546195066205794
COF,2026-10-13 06:00:00,66,73.8,75.1,69.6,69.2,5.1,5.5,309.6114536869211,0.0878687525000006,,2.6077828837653043,,0.3418970275839761,
COF,2026-10-13 12:00:00,72,73.1,74.5,69.2,69.4,7.0,6.0,309.07453931658404,0.0788343699999995,73.6272042376807,0.7372660627035369,3.634906344802545,0.0334457557332238,0.20363787960067667
MLB,2026-10-10 18:00:00,6,82.3,84.6,77.1,77.3,8.6,10.5,168.99938612751032,0.8486042749999895,,,,,
MLB,2026-10-10 21:00:00,9,81.4,83.0,77.3,77.4,8.4,9.4,176.37989541320317,0.9404027900000071,,,,,
MLB,2026-10-11 00:00:00,12,78.5,78.9,76.4,75.0,7.5,6.4,202.32394370577254,0.964511349999998,,67.9058241496378,79.79824865994193,87.65548752257767,85.79559289514998
MLB,2026-10-11 03:00:00,15,78.5,79.0,76.4,76.1,6.2,5.6,172.87335014597986,0.7802773049999953,,,,,
MLB,2026-10-11 06:00:00,18,78.3,78.7,76.4,75.9,7.6,6.3,179.64592001055468,0.0480245049999957,,12.847758115883929,,19.891691679447472,
MLB,2026-10-11 09:00:00,21,78.1,78.6,76.1,75.5,7.6,5.6,171.33699355074037,0.1976055899999681,,,,,
MLB,2026-10-11 12:00:00,24,76.8,77.2,75.6,75.3,6.7,5.2,184.7002016803656,0.3359294400000021,76.79880463476351,11.653382066657091,22.518542706350612,4.0574689966716,26.934536040063982
MLB,2026-10-11 15:00:00,27,82.9,84.6,77.8,78.4,8.4,8.9,209.80600248487792,0.4391107000000072,,,,,
MLB,2026-10-11 18:00:00,30,82.3,85.9,76.9,76.4,6.5,9.1,234.9398530884118,0.9463853599999972,,42.995100755674024,,52.189324475828094,
MLB,2026-10-11 21:00:00,33,77.9,81.3,75.7,75.4,3.5,5.9,204.11079695386985,0.984820065000002,,,,,
MLB,2026-10-12 00:00:00,36,76.9,78.1,75.2,74.7,2.3,3.8,217.92291683828478,0.935617595000004,88.23316189280945,72.14878595558353,77.66108595934463,76.64108812772247,71.14214796496827
MLB,2026-10-12 03:00:00,39,76.1,75.9,75.0,74.4,2.9,2.7,227.57318127276503,0.4741164650000336,,,,,
MLB,2026-10-12 06:00:00,42,75.5,74.8,74.7,74.1,4.3,3.6,276.7965097282964,0.5304998450000491,,18.342181463241445,,30.171745030387527,
MLB,2026-10-12 09:00:00,45,75.0,74.0,74.3,73.4,5.9,4.3,300.3494125784572,0.6507396350000654,,,,,
MLB,2026-10-12 12:00:00,48,74.3,73.6,72.9,72.0,6.9,5.1,334.8105853561815,0.6046271050000218,72.50280439691053,1.9928184085101812,6.01697710311969,0.6303883109049042,7.049295200402468
MLB,2026-10-12 15:00:00,51,78.9,80.5,68.4,68.1,8.1,9.2,339.1846680831643,0.075444905000001,,,,,
MLB,2026-10-12 18:00:00,54,82.9,85.1,64.8,64.7,6.2,9.0,355.6504009589152,0.0,,0.8365960609367956,,0.0011112759833817201,
MLB,2026-10-12 21:00:00,57,83.0,84.4,65.7,66.0,3.4,7.1,28.578862354471937,0.0,,,,,
MLB,2026-10-13 00:00:00,60,77.3,77.9,68.9,68.3,1.4,3.0,71.70805977150121,0.0,86.16256106164329,1.8336510168554285,3.7926437954040884,0.14279756823479478,0.05460744701457772
MLB,2026-10-13 06:00:00,66,71.7,70.5,68.3,67.1,4.5,3.8,306.3878514715839,0.0460189149999981,,2.7273845446922182,,0.33557685383149477,
MLB,2026-10-13 12:00:00,72,71.1,69.1,67.9,66.4,6.0,4.1,312.09369350054595,0.0431027949999984,67.55235868333114,0.6930244521435598,3.3480424114166305,0.02453082738665473,0.13988746061259866
TTS,2026-10-10 18:00:00,6,86.2,89.6,76.8,78.4,7.8,7.1,154.42562388370789,0.6340321874999886,,,,,
TTS,2026-10-10 21:00:00,9,81.9,84.7,76.8,77.5,9.8,8.3,178.25902216254738,0.9079500000000056,,,,,
TTS,2026-10-11 00:00:00,12,79.2,79.7,76.8,76.7,7.8,5.6,190.95654318902348,0.9864640625000008,,68.81681384182059,75.65248401564014,86.11073696728782,81.04264853106984
TTS,2026-10-11 03:00:00,15,77.9,79.1,76.1,76.1,7.8,5.7,182.07184391016938,0.8814184375000019,,,,,
TTS,2026-10-11 06:00:00,18,78.0,78.9,76.0,76.0,7.5,4.2,181.62504779649967,0.2392718749999915,,23.331743177258286,,37.69636220853329,
TTS,2026-10-11 09:00:00,21,78.0,78.2,76.1,75.9,6.8,3.3,184.8950108661632,0.071610624999996,,,,,
TTS,2026-10-11 12:00:00,24,78.2,79.0,76.4,76.2,8.6,4.5,191.4405291329603,0.7652637500000035,78.08309166878018,4.9556414669453765,22.27978449019447,2.202253917988124,29.51487874853569
TTS,2026-10-11 15:00:00,27,82.7,84.5,77.1,78.5,9.5,7.3,217.345295784028,0.3878931250000022,,,,,
TTS,2026-10-11 18:00:00,30,81.9,86.7,76.3,77.9,5.3,5.8,237.59269735427316,0.914406249999998,,47.313547182470764,,55.7500595959168,
TTS,2026-10-11 21:00:00,33,78.5,81.3,75.6,75.8,4.8,5.1,255.03401389979138,0.972623125000001,,,,,
TTS,2026-10-12 00:00:00,36,76.4,76.3,75.0,74.8,3.3,2.6,203.14492037998164,0.9475206250000008,88.53206801823562,70.1958107394122,77.69161490477914,69.76440290785598,69.45020223355107
TTS,2026-10-12 03:00:00,39,75.9,75.6,74.4,73.9,4.2,2.7,222.49674888533923,0.1857606249999952,,,,,
TTS,2026-10-12 06:00:00,42,75.0,75.2,74.1,73.5,4.5,2.7,259.26764135398935,0.0700062499999999,,13.715402950905764,,20.835289637646028,
TTS,2026-10-12 09:00:00,45,74.3,74.2,73.9,72.6,6.6,3.9,296.91481319253575,0.8540965625000118,,,,,
TTS,2026-10-12 12:00:00,48,72.0,70.8,69.4,68.1,7.4,4.1,318.26007665851455,0.3997265625000188,71.62294063605827,0.2659701573865641,1.696922632690177,0.01171965380554568,2.3267572288483156
TTS,2026-10-12 15:00:00,51,79.0,80.2,65.7,66.5,8.8,7.1,335.0102957169351,0.0,,,,,
TTS,2026-10-12 18:00:00,54,83.0,84.9,63.2,63.9,6.9,7.0,351.0269483407567,0.0,,0.6934974192544806,,8.561809272763624e-05,
TTS,2026-10-12 21:00:00,57,82.7,84.5,65.8,66.0,3.9,4.7,31.250600925941967,0.0,,,,,
TTS,2026-10-13 00:00:00,60,77.7,74.6,68.2,68.5,0.7,0.0,83.82500745641511,0.0,86.24974410150793,1.7963035358718844,3.820766079104114,0.04496193263797737,0.010549428771683128
TTS,2026-10-13 06:00:00,66,72.4,70.3,68.9,67.5,3.9,1.7,313.6956061243293,0.0637284375000004,,2.952224719870615,,0.2510138716957811,
TTS,2026-10-13 12:00:00,72,72.2,70.2,67.2,66.8,5.7,2.8,315.241917720999,0.412378749999994,67.36004364979385,0.850220861341228,3.770135350708933,0.009255149353439709,0.0988214666126017
XMR,2026-10-10 18:00:00,6,84.3,89.2,77.5,78.9,8.7,9.2,158.57067978277908,0.5655908437500254,,,,,
XMR,2026-10-10 21:00:00,9,81.5,84.8,76.7,78.1,11.6,11.0,171.8003278718985,0.9141636249999888,,,,,
XMR,2026-10-11 00:00:00,12,80.9,81.6,76.7,77.5,10.2,8.3,188.72764659166808,0.98557821875,,54.12128597048795,63.348062729045026,81.26939806508368,75.89572412757497
XMR,2026-10-11 03:00:00,15,80.0,80.4,76.8,77.4,9.2,6.8,179.53649781248973,0.9377232812500104,,,,,
XMR,2026-10-11 06:00:00,18,80.3,80.4,76.7,76.9,10.4,6.8,184.5249199006406,0.0602147187500038,,11.974359110809429,,20.745129038106477,
XMR,2026-10-11 09:00:00,21,80.2,79.8,75.9,75.7,10.5,6.2,181.01768315468655,0.2891803437500454,,,,,
XMR,2026-10-11 12:00:00,24,79.1,79.5,76.4,76.6,10.9,6.9,190.79702508895883,0.5912251874999854,78.28590103800323,8.074530206389765,20.57776631221474,4.819787456116012,30.147877731714512
XMR,2026-10-11 15:00:00,27,82.4,86.0,77.2,78.6,10.2,9.2,216.25528769741928,0.3484663124999923,,,,,
XMR,2026-10-11 18:00:00,30,81.9,87.5,77.0,77.7,6.0,7.8,235.2428942545592,0.8930919375000015,,38.18702902187774,,47.92821629424634,
XMR,2026-10-11 21:00:00,33,79.2,83.3,75.8,76.3,4.3,6.0,215.41742383531619,0.9894798437499994,,,,,
XMR,2026-10-12 00:00:00,36,77.6,77.7,75.5,75.5,3.7,3.9,244.6837273663325,0.8391157187499793,89.2252739525189,68.532964509611,77.14973579759838,75.04396424270776,75.78217138619192
XMR,2026-10-12 03:00:00,39,77.2,76.1,74.9,74.4,4.6,2.9,229.4465438300358,0.204301437500005,,,,,
XMR,2026-10-12 06:00:00,42,76.1,76.0,74.5,74.0,5.5,3.6,267.5484969803143,0.0751844374999926,,17.375309683754327,,26.146781846846295,
XMR,2026-10-12 09:00:00,45,75.5,76.2,74.6,73.6,8.2,5.5,299.2026823871916,0.563516874999927,,,,,
XMR,2026-10-12 12:00:00,48,73.6,73.0,70.7,69.6,8.6,5.5,321.45005315914796,0.2956613124999124,72.32811361537495,0.3929131871487918,2.317736212729436,0.04231347351258636,2.7335415520405615
XMR,2026-10-12 15:00:00,51,79.0,82.1,67.1,67.5,10.5,9.5,335.03612617234865,0.0143532187500003,,,,,
XMR,2026-10-12 18:00:00,54,81.9,85.7,64.2,64.4,9.2,9.2,347.90069558248206,0.0,,0.8366681788489991,,0.0002166869747753208,
XMR,2026-10-12 21:00:00,57,82.2,85.3,65.8,65.5,5.7,5.4,14.718303741449972,0.0,,,,,
XMR,2026-10-13 00:00:00,60,78.8,75.9,68.0,68.6,2.0,0.5,4.533593114842688,0.0,87.1972722780352,1.8323151377254574,3.9575187517139314,0.04620898748959035,0.011293853659977803
XMR,2026-10-13 06:00:00,66,72.6,70.6,71.1,68.3,4.1,3.0,299.59021723272485,0.1954524375000206,,3.449298517562543,,0.6846284587102657,
XMR,2026-10-13 12:00:00,72,74.0,72.2,68.8,68.3,6.0,3.8,308.0347097882619,0.3620682500000058,67.92097858181171,0.8926315234502146,4.068716540080473,0.02904858150576445,0.20720812135623062
